ID,M1,M2,M3,M4
,1,1,2,2
,20,29,15,34
SB001,H,A,B,A
SB002,H,H,A,H
SB003,B,H,H,H
SB004,B,H,A,H
SB005,A,B,H,B
SB006,A,H,A,H
SB007,A,A,B,A
SB008,A,H,A,H
SB009,H,A,H,A
SB010,A,B,H,B
SB011,A,B,H,B
SB012,H,B,H,B
SB013,H,H,A,H
SB014,H,A,B,A
SB016,H,H,H,H
SB018,A,A,A,A
SB019,A,B,H,B
SB020,B,H,H,H
SB021,A,B,B,B
SB022,A,H,H,H
SB023,H,B,A,B
SB024,A,H,B,H
SB025,H,H,H,H
SB026,H,H,A,H
SB027,H,H,H,H
SB028,A,A,B,A
SB029,A,H,B,H
SB030,A,A,A,A
SB031,A,H,H,H
SB032,B,A,A,A
SB036,H,H,B,H
SB038,A,H,A,H
SB039,H,H,H,H
SB040,A,B,A,B
SB041,B,H,H,H
SB043,H,H,B,H
SB044,H,A,A,A
SB045,A,A,A,A
SB046,A,H,H,H
SB047,H,H,H,H
SB048,H,H,B,H
SB049,B,A,A,A
SB050,H,A,A,A
SB052,B,A,B,A
SB053,H,H,A,H
SB054,A,B,A,B
SB055,H,A,H,A
SB057,B,H,H,H
SB058,A,H,H,H
SB061,H,A,A,A
SB062,A,B,H,B
SB063,H,A,A,A
SB064,H,A,A,A
SB065,H,A,H,A
SB066,H,A,A,A
SB067,A,H,A,H
SB068,H,H,H,H
SB070,H,H,H,H
SB071,H,H,A,H
SB072,H,H,H,H
SB073,H,H,A,H
SB074,H,H,H,H
SB076,A,H,H,H
SB077,A,H,B,H
SB078,B,B,A,B
SB079,A,A,H,A
SB080,A,A,H,A
SB081,H,A,B,A
SB082,B,H,H,H
SB083,A,A,A,A
SB084,H,B,H,B
SB085,B,B,H,B
SB086,B,B,B,B
SB087,H,A,H,A
SB088,A,A,H,A
SB089,A,A,A,A
SB090,H,H,A,H
SB091,H,B,B,B
SB092,B,A,H,A
SB093,A,B,A,B
SB094,H,H,H,H
SB096,H,A,A,A
SB097,H,H,H,H
SB098,H,H,H,H
SB099,B,H,H,H
SB100,H,B,H,B
SB101,A,H,A,H
SB102,A,H,H,H
SB103,B,H,B,H
SB105,A,H,A,H
SB106,B,B,A,B
SB107,A,B,A,B
SB108,H,A,A,A
SB109,H,H,H,H
SB110,B,A,A,A
SB111,H,A,H,A
SB112,A,B,A,B
SB113,H,A,H,A
SB114,H,A,H,A
SB115,B,H,H,H
SB116,B,H,H,H
SB117,H,H,A,H
SB118,H,H,H,H
SB119,H,B,A,B
SB120,A,B,H,B
SB121,H,A,B,A
SB122,H,H,H,H
SB123,A,B,A,B
SB124,H,H,A,H
SB125,A,H,H,H
SB126,H,H,H,H
SB127,A,H,A,H
SB128,H,H,A,H
SB129,A,A,H,A
SB131,B,H,B,H
SB133,A,H,A,H
SB134,A,B,A,B
SB136,A,H,A,H
SB137,B,A,H,A
SB139,H,B,B,B
SB140,A,H,H,H
SB141,A,H,H,H
SB142,H,A,B,A
SB143,H,H,B,H
SB144,H,H,A,H
SB145,A,H,H,H
SB146,B,A,H,A
SB147,A,B,H,B
SB148,H,A,H,A
SB149,A,A,B,A
SB150,H,H,B,H
SB151,H,A,A,A
SB152,B,B,H,B
SB153,A,A,H,A
SB154,A,B,B,B
SB155,H,B,A,B
SB156,A,H,A,H
SB159,A,H,A,H
SB160,H,A,H,A
SB163,H,H,H,H
SB164,B,H,A,H
SB165,A,H,B,H
SB166,A,A,H,A
SB167,B,H,H,H
SB168,A,A,A,A
SB169,B,B,A,B
SB170,H,B,B,B
SB171,H,A,H,A
SB172,B,H,H,H
SB173,A,A,H,A
SB174,B,A,H,A
SB175,B,A,A,A
SB179,H,B,H,B
SB180,H,A,H,A
SB181,A,H,B,H
SB182,H,B,B,B
SB183,H,H,B,H
SB184,H,A,H,A
SB185,A,H,A,H
SB186,H,A,H,A
SB187,H,H,B,H
SB188,H,B,A,B
SB190,A,A,H,A
SB191,H,A,H,A
SB192,A,B,B,B
SB193,A,H,B,H
SB194,A,H,A,H
SB195SERI,A,H,H,H
SB196BHAX,H,H,H,H
